City_ID,City,Lat,Lng,Max Temp,Humidity,Cloudiness,Wind Speed,Country,Date
0,pali,25.7667,73.3333,304.29,45,4,7.15,IN,1686524644
1,olonkinbyen,70.9221,-8.7187,274.24,88,100,5.43,SJ,1686524645
2,bousso,10.4795,16.7117,300.98,61,19,1.39,TD,1686524645
3,majuro,7.0897,171.3803,301.73,72,99,8.21,MH,1686524645
4,lorengau,-2.0226,147.2712,301.93,80,26,3.51,PG,1686524481
5,okhotsk,59.3833,143.3,284.3,74,55,1.92,RU,1686524645
6,blackmans bay,-43.0167,147.3167,281.89,90,100,2.78,AU,1686524480
7,murray bridge,-35.1167,139.2667,287.11,63,0,4.86,AU,1686524646
8,waitangi,-43.9535,-176.5597,286.38,94,100,5.85,NZ,1686524646
9,amga,60.8953,131.9608,294.09,55,64,3.19,RU,1686524646
10,ushuaia,-54.8,-68.3,274.96,75,75,8.75,AR,1686524457
11,santa cruz,-17.8,-63.1667,285.85,100,100,7.72,BO,1686524646
12,kodiak,57.79,-152.4072,282.88,71,100,5.66,US,1686524647
13,thompson,55.7435,-97.8558,299.24,34,40,5.66,CA,1686524647
14,ilulissat,69.2167,-51.1,277.16,81,75,0.0,GL,1686524484
15,mount gambier,-37.8333,140.7667,283.85,73,60,4.52,AU,1686524647
16,stanley,54.868,-1.6985,289.12,90,0,1.03,GB,1686524647
17,whitehorse,60.7161,-135.0538,289.58,29,100,8.23,CA,1686524377
18,fuyu,45.1833,124.8167,290.11,78,40,3.5,CN,1686524647
19,takoradi,4.8845,-1.7554,298.53,77,100,4.22,GH,1686524648
20,iqaluit,63.7506,-68.5145,276.0,74,75,6.17,CA,1686524648
21,longyearbyen,78.2186,15.6401,276.06,87,75,3.6,SJ,1686524595
22,port mathurin,-19.6833,63.4167,298.05,69,7,8.06,MU,1686524648
23,bilibino,68.0546,166.4372,288.92,65,100,2.12,RU,1686524648
24,islamorada,24.9243,-80.6278,303.71,86,1,0.89,US,1686524400
25,khark,29.2614,50.3306,304.91,59,0,2.16,IR,1686524535
26,nuku'alofa,-21.1333,-175.2,297.34,69,75,2.57,TO,1686524649
27,yellowknife,62.456,-114.3525,278.44,93,100,6.69,CA,1686524622
28,hamilton,39.1834,-84.5333,294.62,93,100,3.09,US,1686524579
29,kerikeri,-35.2268,173.9474,289.77,87,9,0.45,NZ,1686524649
30,hasaki,35.7333,140.8333,294.37,93,100,2.79,JP,1686524650
31,tshikapa,-6.4167,20.8,298.12,59,91,0.4,CD,1686524429
32,grytviken,-54.2811,-36.5092,269.74,83,28,5.12,GS,1686524650
33,albany,42.6001,-73.9662,299.51,47,93,1.9,US,1686524285
34,port-aux-francais,-49.35,70.2167,278.34,92,100,18.19,TF,1686524483
35,cu chi,10.9667,106.4667,301.16,92,96,2.91,VN,1686524650
36,vasil'yevo,55.836,48.6582,279.52,73,82,2.61,RU,1686524650
37,bethel,41.3712,-73.414,298.72,58,0,4.12,US,1686524651
38,as saffaniyah,27.9708,48.73,307.08,27,38,4.24,SA,1686524651
39,taseyevo,57.2169,94.8978,283.45,53,0,2.35,RU,1686524651
40,rio san juan,19.6439,-70.0763,305.46,78,13,7.08,DO,1686524651
41,port elizabeth,-33.918,25.5701,287.77,93,0,3.58,ZA,1686524651
42,margaret river,-33.95,115.0667,286.59,68,99,5.73,AU,1686524651
43,invercargill,-46.4,168.35,281.96,89,94,3.76,NZ,1686524651
44,xilin hot,43.9667,116.0333,286.94,64,58,3.63,CN,1686524652
45,anadyr,64.75,177.4833,279.43,86,75,7.0,RU,1686524652
46,belyayevka,51.3974,56.4096,290.28,78,100,5.78,RU,1686524652
47,namtsy,62.7161,129.6658,291.11,80,100,4.25,RU,1686524652
48,ilhabela,-23.7781,-45.3581,296.27,65,3,2.12,BR,1686524652
49,queenstown,-31.8976,26.8753,282.71,30,38,3.3,ZA,1686524652
50,qiongshan,20.0058,110.3542,299.14,94,40,3.0,CN,1686524652
51,fort bragg,35.139,-79.006,301.59,85,100,4.63,US,1686524571
52,lodwar,3.1191,35.5973,299.34,64,88,7.76,KE,1686524653
53,punta arenas,-53.15,-70.9167,276.21,87,40,7.2,CL,1686524408
54,yuzhno-kurilsk,44.0306,145.8556,286.28,93,100,4.56,RU,1686524653
55,huarmey,-10.0681,-78.1522,294.94,78,7,5.18,PE,1686524653
56,jamestown,42.097,-79.2353,296.95,38,100,1.54,US,1686524634
57,polyarnyy,69.1989,33.4478,287.36,62,99,7.01,RU,1686524653
58,udachny,66.4167,112.4,275.07,86,58,7.53,RU,1686524654
59,carnarvon,-24.8667,113.6333,288.43,61,0,8.35,AU,1686524654
60,puerto natales,-51.7236,-72.4875,278.21,87,86,7.47,CL,1686524485
61,adamstown,-25.066,-130.1015,294.0,61,17,7.28,PN,1686524497
62,rongelap,11.1635,166.8941,300.88,81,99,7.44,MH,1686524654
63,klaksvik,62.2266,-6.589,279.66,68,67,3.51,FO,1686524654
64,vizinga,61.0749,50.1031,275.18,83,58,1.8,RU,1686524654
65,naze,28.3667,129.4833,296.66,84,87,0.92,JP,1686524654
66,vadso,70.0744,29.7487,284.64,71,100,11.32,NO,1686524655
67,atafu village,-8.5421,-172.5159,302.15,75,100,6.48,TK,1686524655
68,kayyerkan,69.3786,87.7439,282.76,53,100,7.67,RU,1686524655
69,lhuentse,27.6679,91.1839,292.58,96,83,0.47,BT,1686524655
70,isafjordur,66.0755,-23.124,281.0,80,33,7.14,IS,1686524655
71,egilsstadir,65.2653,-14.3948,286.1,54,0,3.6,IS,1686524655
72,ancud,-41.8697,-73.8203,283.02,74,57,7.82,CL,1686524413
73,westport,41.1415,-73.3579,298.85,64,0,2.57,US,1686524535
74,kampene,-3.6,26.6667,294.45,81,89,0.81,CD,1686524656
75,edinburgh of the seven seas,-37.0676,-12.3116,289.65,82,64,12.46,SH,1686524497
76,aasiaat,68.7098,-52.8699,273.87,97,100,3.04,GL,1686524656
77,college,64.8569,-147.8028,292.36,39,75,4.12,US,1686524566
78,fale old settlement,-9.3852,-171.2468,301.81,78,100,6.06,TK,1686524656
79,qui nhon,13.7667,109.2333,301.35,72,99,3.76,VN,1686524656
80,campo grande,-20.4428,-54.6464,297.9,65,20,3.6,BR,1686524438
81,prado,-17.3411,-39.2208,296.0,89,2,3.83,BR,1686524657
82,ribeira grande,38.5167,-28.7,293.02,84,86,6.26,PT,1686524657
83,paka,4.6374,103.4368,297.11,100,92,0.0,MY,1686524657
84,hawaiian paradise park,19.5933,-154.9731,301.5,73,47,0.45,US,1686524519
85,puerto ayora,-0.7393,-90.3518,303.13,87,96,4.02,EC,1686524618
86,labrador city,52.9463,-66.9114,288.1,77,75,5.66,CA,1686524415
87,mount pearl,47.5166,-52.7813,281.4,97,100,9.77,CA,1686524658
88,enewetak,11.3474,162.3373,301.1,80,87,7.29,MH,1686524658
89,konarka,19.9,86.1167,302.37,86,70,6.26,IN,1686524658
90,iskateley,67.6803,53.1512,276.59,60,100,3.8,RU,1686524658
91,mangrol,21.1167,70.1167,302.18,70,90,12.1,IN,1686524658
92,amos,48.5669,-78.1162,291.14,65,86,0.9,CA,1686524405
93,firuzabad,28.8438,52.5707,298.75,23,0,2.6,IR,1686524659
94,bredasdorp,-34.5322,20.0403,286.91,86,100,7.58,ZA,1686524659
95,danville,36.586,-79.395,299.87,81,100,2.57,US,1686524659
96,hithadhoo,-0.6,73.0833,300.61,77,64,2.89,MV,1686524659
97,labasa,-16.4167,179.3833,299.78,67,35,3.24,FJ,1686524659
98,libreville,0.3925,9.4537,300.16,78,75,4.63,GA,1686524659
99,mechanicsburg,40.2143,-77.0086,301.85,39,100,4.41,US,1686524660
100,west island,-12.1568,96.8225,299.14,73,40,10.89,CC,1686524660
101,shagonar,51.5333,92.8,288.03,86,98,0.42,RU,1686524660
102,cavalaire-sur-mer,43.174,6.5272,294.05,94,100,1.63,FR,1686524660
103,tezu,27.9167,96.1667,295.74,99,100,1.04,IN,1686524660
104,lompoc,34.6391,-120.4579,294.05,71,100,4.12,US,1686524444
105,st. john's,47.5649,-52.7093,281.86,97,100,9.77,CA,1686524641
106,matadi,-5.8167,13.45,296.72,94,99,1.51,CD,1686524660
107,kendari,-3.945,122.4989,296.82,94,100,0.62,ID,1686524661
108,enoch,37.7733,-113.0244,297.29,20,0,8.75,US,1686524661
109,issia,6.4922,-6.5856,295.26,98,100,1.9,CI,1686524661
110,gutao,37.2025,112.1781,291.67,55,0,1.91,CN,1686524661
111,vrangel',42.7297,133.0839,287.0,98,100,4.86,RU,1686524661
112,pisco,-13.7,-76.2167,294.18,73,0,8.23,PE,1686524661
113,palmer,42.1584,-72.3287,298.39,48,99,2.52,US,1686524480
114,buala,-8.145,159.5921,301.9,76,30,4.04,SB,1686524662
115,miyaly,48.8844,53.7836,300.44,20,100,6.68,KZ,1686524662
116,caconda,-13.7333,15.0667,285.77,39,18,0.88,AO,1686524662
117,victoria falls,-17.9235,25.843,289.54,44,2,1.22,ZW,1686524662
118,sao joao nepomuceno,-21.54,-43.0106,291.72,66,0,1.16,BR,1686524663
119,fortuna,40.5982,-124.1573,289.78,85,75,4.63,US,1686524663
120,kristiansund,63.1115,7.732,287.51,72,75,3.09,NO,1686524663
121,borogontsy,62.6683,131.1683,291.86,88,100,2.77,RU,1686524663
122,kulhudhuffushi,6.6221,73.07,301.8,77,76,8.45,MV,1686524663
123,aswan,24.0934,32.907,304.76,20,0,0.0,EG,1686524437
124,georgetown,5.4112,100.3354,301.11,89,20,1.03,MY,1686524663
125,isangel,-19.55,169.2667,297.21,73,40,2.06,VU,1686524540
126,deschutes river woods,43.9915,-121.3584,300.16,32,0,6.17,US,1686524664
127,saipan,15.1355,145.701,302.95,100,100,5.36,MP,1686524492
128,chibougamau,49.9168,-74.3659,294.94,43,20,2.06,CA,1686524541
129,castillos,-34.1667,-53.8333,280.04,76,23,3.82,UY,1686524664
130,alofi,-19.0595,-169.9187,299.09,78,97,5.14,NU,1686524664
131,vorgashor,67.5833,63.95,272.8,82,100,7.95,RU,1686524664
132,xochitlan todos santos,18.7,-97.7833,298.16,46,96,4.26,MX,1686524664
133,avarua,-21.2078,-159.775,300.18,78,5,1.54,CK,1686524472
134,tuy hoa,13.0833,109.3,300.85,70,100,5.51,VN,1686524553
135,hermanus,-34.4187,19.2345,287.48,86,96,9.72,ZA,1686524555
136,petropavlovsk-kamchatsky,53.0452,158.6483,289.48,48,0,2.0,RU,1686524665
137,darwin,-12.4611,130.8418,296.14,88,0,2.57,AU,1686524403
138,tamandare,-8.7597,-35.1047,297.79,87,13,3.75,BR,1686524666
139,sur,22.5667,59.5289,302.38,69,100,1.95,OM,1686524628
140,geraldton,-28.7667,114.6,284.38,82,75,3.6,AU,1686524553
141,faaa,-17.55,-149.6,302.13,61,75,2.06,PF,1686524667
142,guatire,10.4762,-66.5427,296.77,96,94,1.4,VE,1686524667
143,beberibe,-4.1797,-38.1306,298.99,85,1,5.44,BR,1686524667
144,manismata,-2.4667,111.0333,296.52,100,91,1.14,ID,1686524667
145,bamboo flat,11.7,92.7167,302.2,84,75,3.6,IN,1686524668
146,lerwick,60.1545,-1.1494,285.15,94,100,3.85,GB,1686524668
147,tura,25.5198,90.2201,295.85,96,100,2.05,IN,1686524668
148,kirakira,-10.4544,161.9205,301.38,79,57,3.76,SB,1686524668
149,quesnel,52.9999,-122.5029,298.43,23,0,3.6,CA,1686524669
150,remire-montjoly,4.9167,-52.2667,297.17,100,100,0.51,GF,1686524669
151,thetford-mines,46.0937,-71.3054,295.21,78,97,1.86,CA,1686524669
152,palangkaraya,-2.2,113.8333,296.34,98,74,0.71,ID,1686524669
153,papatowai,-46.5619,169.4708,283.5,81,80,3.79,NZ,1686524669
154,porto seguro,-16.4497,-39.0647,297.44,88,20,2.06,BR,1686524519
155,keflavik,64.0049,-22.5624,282.1,81,100,8.23,IS,1686524670
156,touros,-5.1989,-35.4608,297.85,89,9,4.63,BR,1686524670
157,nasiriyah,31.0521,46.261,308.84,19,0,4.18,IQ,1686524670
158,ust-nera,64.5667,143.2,292.41,50,100,4.26,RU,1686524670
159,holualoa,19.6228,-155.9522,299.06,87,40,4.12,US,1686524671
160,kingston,17.997,-76.7936,303.84,71,20,8.75,JM,1686524671
161,el burgo de osma,41.5862,-3.0652,287.26,78,69,0.7,ES,1686524671
162,alaghsas,17.0187,8.0168,305.09,35,96,2.96,NE,1686524671
163,sinop,41.7711,34.8709,287.99,93,100,0.15,TR,1686524672
164,constanta,44.1833,28.65,289.65,85,78,5.64,RO,1686524476
165,olonets,60.9847,32.9698,280.62,54,66,1.94,RU,1686524672
166,lospalos,-8.5186,127.0025,295.97,75,67,3.77,TL,1686524672
167,tarko-sale,64.9225,77.785,281.14,81,95,3.8,RU,1686524672
168,chonchi,-42.6128,-73.8092,280.71,93,76,1.53,CL,1686524545
169,ahwa,20.75,73.6833,299.03,66,67,2.7,IN,1686524672
170,howrah,22.5892,88.3103,300.15,94,75,1.54,IN,1686524673
171,qaqortoq,60.7167,-46.0333,278.22,79,7,2.33,GL,1686524673
172,pangai,-19.8,-174.35,298.21,73,75,5.14,TO,1686524673
173,puerto deseado,-47.7503,-65.8938,278.07,65,40,13.72,AR,1686524673
174,flying fish cove,-10.4217,105.6791,298.97,88,100,4.63,CX,1686524674
175,ponta delgada,37.7333,-25.6667,291.55,82,20,3.6,PT,1686524412
176,kirkland lake,48.1446,-80.0377,285.31,82,98,1.03,CA,1686524674
177,burgersdorp,-30.9977,26.3286,279.26,39,61,1.6,ZA,1686524674
178,igrim,63.1906,64.4162,277.74,65,95,5.43,RU,1686524675
179,utrik,11.2278,169.8474,300.82,83,40,7.71,MH,1686524675
180,puerto armuelles,8.2833,-82.8667,304.14,88,100,2.24,PA,1686524675
181,east london,-33.0153,27.9116,291.2,32,22,4.49,ZA,1686524675
182,lata,40.1629,-8.3327,290.88,91,100,0.86,PT,1686524675
183,vanimo,-2.6741,141.3028,300.43,80,100,2.79,PG,1686524675
184,neiafu,-18.65,-173.9833,299.53,69,40,3.6,TO,1686524675
185,bel ombre,-4.6167,55.4167,300.06,78,40,6.69,SC,1686524676
186,aliveri,38.4167,24.0333,295.6,82,81,2.04,GR,1686524676
187,hadibu,12.65,54.0333,301.05,80,99,8.14,YE,1686524676
188,port saint john's,-31.6229,29.5448,289.68,44,0,3.15,ZA,1686524544
189,gizo,-8.103,156.8419,301.52,75,27,2.68,SB,1686524676
190,nar'yan-mar,67.6713,53.087,276.65,60,100,3.76,RU,1686524676
191,solwezi,-12.1688,26.3894,287.77,56,8,0.52,ZM,1686524467
192,bukittinggi,-0.3091,100.3706,291.21,96,71,0.44,ID,1686524677
193,kapuskasing,49.4169,-82.4331,285.2,54,75,4.12,CA,1686524677
194,aykhal,66.0,111.5,273.75,89,74,7.28,RU,1686524677
195,klyuchi,52.2667,79.1667,287.34,65,0,1.45,RU,1686524677
196,conde,-7.2597,-34.9075,296.85,100,75,0.0,BR,1686524587
197,viedma,-40.8135,-62.9967,279.64,67,18,4.33,AR,1686524364
198,tralee,52.2704,-9.7026,286.51,94,28,0.85,IE,1686524678
199,villa de leyva,5.645,-73.5667,289.3,92,75,0.98,CO,1686524678
200,nantucket,41.2835,-70.0995,292.59,82,20,2.57,US,1686524483
201,guiuan,11.0333,125.7247,302.07,76,100,5.84,PH,1686524678
202,sarmiento,-45.5882,-69.07,277.58,69,0,4.3,AR,1686524678
203,illizi,26.4833,8.4667,308.04,14,0,1.44,DZ,1686524541
204,guisa,20.255,-76.5386,300.35,74,62,2.1,CU,1686524678
205,eldorado,-23.7869,-54.2836,288.56,97,45,4.47,BR,1686524678
206,praia da vitoria,38.7333,-27.0667,293.29,83,20,2.92,PT,1686524679
207,mejit,10.2753,170.8646,301.12,81,22,6.88,MH,1686524679
208,diapaga,12.0708,1.7889,301.67,61,65,4.36,BF,1686524679
209,ploneour-lanvern,47.9,-4.2833,288.33,94,0,1.54,FR,1686524679
210,aral,40.5156,81.2636,300.97,15,14,2.76,CN,1686524679
211,senise,40.1471,16.2889,289.47,90,50,2.13,IT,1686524679
212,okakarara,-20.5833,17.4333,285.34,39,0,3.09,NA,1686524680
213,newman,37.3138,-121.0208,305.34,28,55,1.79,US,1686524680
214,nova sintra,14.8667,-24.7167,295.09,84,5,10.09,CV,1686524566
215,farasan,16.7022,42.1183,305.61,70,94,9.05,SA,1686524680
216,shentala,54.45,51.4833,280.51,67,100,3.91,RU,1686524680
217,changji,44.0167,87.3167,297.59,43,0,1.0,CN,1686524680
218,satipo,-11.2522,-74.6386,296.52,85,35,0.57,PE,1686524680
219,tazovsky,67.4667,78.7,280.73,92,82,2.48,RU,1686524388
220,poli,-3.3333,36.8,286.58,82,0,0.0,TZ,1686524681
221,susuman,62.7833,148.1667,294.06,39,37,4.84,RU,1686524681
222,kolonia town,6.964,158.206,303.21,79,100,5.14,FM,1686524681
223,harper,4.375,-7.7169,298.47,81,95,5.21,LR,1686524681
224,bosaso,11.2842,49.1816,306.68,47,100,2.08,SO,1686524682
225,stepnogorsk,52.3544,71.8869,287.6,79,27,2.71,KZ,1686524682
226,brandon,27.9378,-82.2859,304.98,64,0,3.09,US,1686524682
227,alice springs,-23.7,133.8833,283.9,76,40,0.0,AU,1686524409
228,kangding,30.0513,101.9603,283.04,88,100,1.39,CN,1686524682
229,preobrazheniye,42.9019,133.9064,287.13,98,100,3.4,RU,1686524683
230,nyurba,63.2842,118.3319,279.49,57,86,4.92,RU,1686524683
231,saint-pierre,-21.3393,55.4781,294.97,68,0,3.09,RE,1686524683
232,afaahiti,-17.75,-149.2833,301.08,68,96,6.59,PF,1686524683
233,sao vicente,-23.9631,-46.3919,300.25,26,0,0.89,BR,1686524683
234,caleta de carquin,-11.0925,-77.6267,294.19,77,27,4.86,PE,1686524683
235,al jawf,29.5,38.75,299.12,28,0,8.47,SA,1686524683
236,ghanzi,-21.5667,21.7833,291.27,22,1,3.38,BW,1686524684
237,arraial do cabo,-22.9661,-42.0278,295.07,83,0,2.06,BR,1686524684
238,ketchikan,55.3422,-131.6461,291.41,55,40,6.17,US,1686524684
239,sao joao da barra,-21.6403,-41.0511,295.2,90,1,5.91,BR,1686524537
240,lihue,21.9789,-159.3672,301.73,67,20,4.63,US,1686524684
241,katsuura,35.1333,140.3,295.16,93,100,1.16,JP,1686524684
242,letterkenny,54.95,-7.7333,288.35,94,77,0.42,IE,1686524684
243,porto murtinho,-21.6989,-57.8825,287.01,93,100,3.67,BR,1686524684
244,sena madureira,-9.0656,-68.6569,297.48,95,87,1.4,BR,1686524684
245,kaifeng,34.7911,114.3483,295.8,61,48,3.52,CN,1686524685
246,wailua homesteads,22.0669,-159.378,300.85,69,16,2.24,US,1686524479
247,xinyi,22.373,110.9475,299.45,80,69,1.16,CN,1686524685
248,shizukuishi,39.6833,140.9833,292.92,83,100,1.14,JP,1686524685
249,sola,-13.8833,167.55,299.4,76,66,9.88,VU,1686524685
250,lebu,-37.6167,-73.65,282.24,73,33,8.23,CL,1686524489
251,taksimo,56.3444,114.8794,293.55,69,66,2.22,RU,1686524685
252,conceicao da barra,-18.5933,-39.7322,297.71,79,98,4.55,BR,1686524686
253,port moresby,-9.4431,147.1797,298.83,89,75,1.54,PG,1686524686
254,aginskoye,51.1,114.53,293.3,46,15,1.07,RU,1686524686
255,la'ie,21.6477,-157.9253,304.13,65,9,2.24,US,1686524686
256,martapura,-3.4167,114.85,298.2,100,98,1.03,ID,1686524686
257,sao raimundo nonato,-9.0153,-42.6994,298.24,48,7,1.8,BR,1686524686
258,codrington,-38.2667,141.9667,283.87,73,87,5.35,AU,1686524408
259,cabo san lucas,22.8909,-109.9124,307.93,56,4,7.49,MX,1686524400
260,nampula,-15.1165,39.2666,293.12,94,20,2.57,MZ,1686524686
261,san patricio,28.017,-97.5169,309.36,59,1,8.16,US,1686524687
262,amparafaravola,-17.5833,48.2167,286.42,94,0,0.29,MG,1686524687
263,tabou,4.423,-7.3528,298.4,81,87,5.16,CI,1686524687
264,ulanhot,46.0833,122.0833,290.19,79,99,5.58,CN,1686524687
265,mesquite,32.7668,-96.5992,310.31,58,40,3.09,US,1686524651
266,nemuro,43.3236,145.575,285.54,97,100,5.0,JP,1686524687
267,uturoa,-16.7333,-151.4333,299.73,70,21,6.66,PF,1686524687
268,talnakh,69.4865,88.3972,282.71,54,100,5.31,RU,1686524688
269,merizo village,13.2658,144.6691,303.14,84,94,8.89,GU,1686524688
270,jianshui,23.6363,102.8264,293.32,94,100,0.39,CN,1686524688
271,carrizo springs,28.5219,-99.8606,310.49,25,1,4.69,US,1686524688
272,micheweni,-4.9667,39.8333,297.59,78,13,4.55,TZ,1686524690
273,anna regina,7.2644,-58.5077,299.74,83,2,2.92,GY,1686524690
274,angaur state,6.906,134.13,301.8,77,76,5.53,PW,1686524690
275,chardara,41.2547,67.9692,297.28,37,77,5.64,KZ,1686524690
276,vilyuchinsk,52.9306,158.4028,290.3,53,5,1.95,RU,1686524690
277,fuqing,25.725,119.3794,299.02,88,99,1.68,CN,1686524690
278,madimba,-10.4,40.3333,294.77,100,20,4.12,TZ,1686524690
279,sitka,57.0531,-135.33,285.09,82,100,3.6,US,1686524691
280,carauari,-4.8828,-66.8958,297.23,95,87,0.53,BR,1686524691
281,coahuayana de hidalgo,18.7,-103.6583,304.65,55,9,3.36,MX,1686524691
282,tocopilla,-22.092,-70.1979,290.11,81,56,3.93,CL,1686524691
283,azadshahr,34.7909,48.5707,287.42,55,0,1.03,IR,1686524691
284,podu turcului,46.2,27.3833,287.76,93,90,6.86,RO,1686524691
285,mwene-ditu,-7.0,23.45,293.11,46,50,2.04,CD,1686524691
286,rouyn-noranda,48.2398,-79.0288,292.2,59,75,3.09,CA,1686524691
287,karratha,-20.7377,116.8463,291.09,36,0,5.31,AU,1686524692
288,tiksi,71.6872,128.8694,273.25,92,100,6.7,RU,1686524692
289,alo,7.4178,6.7371,296.32,98,100,0.9,NG,1686524692
290,flin flon,54.7682,-101.865,300.06,34,0,6.17,CA,1686524692
291,shimoda,34.6667,138.95,294.32,96,100,1.38,JP,1686524692
292,mount isa,-20.7333,139.5,288.02,55,9,0.0,AU,1686524439
293,ljusdal,61.8288,16.0913,285.65,46,57,2.33,SE,1686524692
294,majene,-3.5403,118.9707,298.43,91,97,4.62,ID,1686524692
295,qinzhou,21.95,108.6167,300.32,88,86,0.47,CN,1686524693
296,hopelchen,19.7667,-89.85,308.58,36,81,3.21,MX,1686524693
297,narrabri,-30.3167,149.7833,289.0,58,100,4.03,AU,1686524693
298,port lincoln,-34.7333,135.8667,284.76,72,71,5.14,AU,1686524446
299,rosarito,32.3333,-117.0333,291.75,70,59,4.01,MX,1686524693
300,agat village,13.3886,144.6585,303.35,83,40,6.17,GU,1686524693
301,mawlamyinegyunn,16.3833,95.2667,299.89,84,97,3.54,MM,1686524694
302,xiuyan,40.2928,123.2744,290.93,79,16,0.8,CN,1686524694
303,khandyga,62.6667,135.6,290.85,63,100,3.28,RU,1686524694
304,madalena,41.2162,-8.3345,290.68,87,100,0.77,PT,1686524694
305,firmat,-33.4594,-61.4832,279.77,38,1,1.81,AR,1686524694
306,al fuwayliq,26.4432,43.2534,304.55,19,35,2.93,SA,1686524694
307,virpur,23.1833,73.4833,302.78,60,75,5.25,IN,1686524694
308,el obeid,13.1842,30.2167,299.01,61,71,5.3,SD,1686524695
309,forster,-32.1667,152.5167,285.58,97,90,1.99,AU,1686524695
310,cockburn town,21.4612,-71.1419,301.27,85,4,6.77,TC,1686524695
311,tofol,5.3248,163.0078,304.03,74,75,5.14,FM,1686524695
312,nadym,65.5333,72.5167,280.01,81,100,5.24,RU,1686524695
313,constantia,44.1833,28.65,289.65,85,78,5.64,RO,1686524476
314,porto belo,-27.1578,-48.5531,290.12,92,100,5.71,BR,1686524518
315,inarajan village,13.2736,144.7484,303.37,84,91,8.68,GU,1686524696
316,crane,31.3974,-102.3501,310.73,13,1,1.76,US,1686524696
317,minbu,20.1833,94.8833,300.71,68,18,3.04,MM,1686524696
318,fukuecho,32.6881,128.8419,295.98,87,92,2.26,JP,1686524696
319,gorom-gorom,14.4439,-0.2361,303.76,45,23,5.71,BF,1686524696
320,makokou,0.5738,12.8642,294.53,98,98,1.18,GA,1686524696
321,gadzhiyevo,69.2551,33.3362,287.6,60,99,7.34,RU,1686524696
322,port alfred,-33.5906,26.891,291.49,34,49,5.47,ZA,1686524697
323,joshimath,30.5667,79.5667,291.39,61,30,2.66,IN,1686524697
324,plastun,44.7561,136.2939,292.2,60,100,1.57,RU,1686524697
325,northam,51.0333,-4.2167,290.59,92,64,2.45,GB,1686524697
326,fort mcmurray,56.7268,-111.381,300.92,32,0,3.6,CA,1686524410
327,daru,-9.0763,143.2092,299.03,87,100,7.02,PG,1686524697
328,topeka,39.0483,-95.678,296.42,72,100,3.6,US,1686524697
329,freeport,40.6576,-73.5832,298.33,71,0,6.69,US,1686524697
330,naracoorte,-36.9579,140.7383,283.19,76,55,5.65,AU,1686524698
331,new norfolk,-42.7826,147.0587,282.55,85,91,0.92,AU,1686524673
332,vila franca do campo,37.7167,-25.4333,291.38,82,100,2.47,PT,1686524698
333,ulety,51.3572,112.4849,291.97,49,43,1.53,RU,1686524698
334,kyaikkami,16.08,97.5675,299.76,83,100,3.55,MM,1686524698
335,axim,4.8699,-2.2405,298.61,77,100,4.41,GH,1686524698
336,machali,-34.1833,-70.6667,276.75,93,0,1.56,CL,1686524698
337,kudahuvadhoo,2.6708,72.8944,301.41,79,46,6.36,MV,1686524698
338,fisterra,42.9049,-9.2629,289.83,89,2,4.23,ES,1686524699
339,nahiyat ash shinafiyah,31.5874,44.6602,307.49,21,0,4.09,IQ,1686524699
340,neyriz,29.1988,54.3278,297.46,28,3,1.3,IR,1686524699
341,portland,45.5234,-122.6762,302.36,50,9,2.68,US,1686524468
342,tamanrasset,22.785,5.5228,296.1,53,40,1.54,DZ,1686524699
343,novyy turtkul',41.55,61.0167,295.1,20,49,5.6,UZ,1686524699
344,igarka,67.4667,86.5833,282.42,68,100,10.1,RU,1686524699
345,yeppoon,-23.1333,150.7333,292.03,84,53,4.23,AU,1686524696
346,lazaro cardenas,17.9583,-102.2,303.17,58,1,4.94,MX,1686524700
347,novyy urengoy,66.0833,76.6333,280.81,74,51,4.2,RU,1686524700
348,zyryanskoye,56.8306,86.6258,281.39,72,0,2.87,RU,1686524700
349,ilukste,55.9775,26.2966,281.01,64,44,2.05,LV,1686524700
350,ginir,7.1333,40.7,287.12,83,69,2.21,ET,1686524700
351,ventnor,50.5948,-1.2037,291.29,91,52,3.29,GB,1686524700
352,okha,53.5739,142.9478,281.07,87,98,2.11,RU,1686524700
353,buka,40.8108,69.1986,299.3,34,73,2.64,UZ,1686524701
354,abatskoye,56.2875,70.4555,280.24,75,99,3.36,RU,1686524701
355,miracema do tocantins,-9.5618,-48.3967,300.12,48,4,0.83,BR,1686524701
356,polygyros,40.3744,23.4383,291.68,74,66,1.42,GR,1686524701
357,corinto,37.9407,22.9573,292.53,82,27,0.88,GR,1686524701
358,humahuaca,-23.2054,-65.3505,284.23,11,65,4.89,AR,1686524702
359,werther,52.0777,8.4179,290.6,71,13,1.8,DE,1686524702
360,tres lagoas,-20.7511,-51.6783,296.46,44,4,0.59,BR,1686524702
361,kaniv,49.7518,31.46,286.13,86,100,5.21,UA,1686524702
362,grand falls-windsor,48.9332,-55.6649,284.54,89,100,1.79,CA,1686524702
363,palasa,18.7667,84.4167,304.26,48,46,2.74,IN,1686524703
364,happy valley-goose bay,53.3168,-60.3315,288.32,58,40,8.23,CA,1686524703
365,port macquarie,-31.4333,152.9167,284.76,77,77,2.11,AU,1686524603
366,kushk,33.2957,61.9522,297.33,26,4,8.26,AF,1686524703
367,kimbe,-5.5502,150.1429,300.86,81,96,1.02,PG,1686524704
368,choiseul,48.0588,5.5668,289.99,78,56,1.43,FR,1686524704
369,cozumel,20.5083,-86.9458,304.79,82,40,4.47,MX,1686524680
370,barcelos,41.5388,-8.6151,291.44,90,98,1.32,PT,1686524705
371,frontera,26.9333,-101.45,313.33,32,5,1.79,MX,1686524705
372,namdrik,5.5994,168.1028,301.58,79,100,8.09,MH,1686524705
373,callao,-12.0667,-77.15,295.31,73,100,6.17,PE,1686524705
374,gilgit,35.9221,74.3087,295.72,35,58,2.06,PK,1686524706
375,kargasok,59.0556,80.8572,287.65,88,100,6.18,RU,1686524706
376,forbes,-33.3833,148.0167,285.33,55,100,1.92,AU,1686524706
377,novodvinsk,64.4165,40.8122,281.93,72,95,2.82,RU,1686524690
378,ulladulla,-35.35,150.4667,285.3,52,68,2.11,AU,1686524703
379,malanje,-9.5402,16.341,290.81,94,64,2.21,AO,1686524707
380,nha trang,12.25,109.1833,302.15,74,100,2.07,VN,1686524707
381,sabha,27.0377,14.4283,305.51,18,27,3.61,LY,1686524707
382,ingeniero jacobacci,-41.3427,-69.5448,273.43,67,0,2.6,AR,1686524707
383,annau,37.8876,58.516,297.87,36,52,2.06,TM,1686524707
384,lebyazh'ye,55.2689,66.4947,280.34,60,99,3.16,RU,1686524708
385,nueve de julio,-35.4444,-60.8831,276.46,60,0,0.89,AR,1686524708
386,kenai,60.5544,-151.2583,289.2,39,0,6.69,US,1686524516
387,kiunga,-6.1219,141.2906,296.74,99,100,1.17,PG,1686524708
388,langarud,37.197,50.1535,295.02,83,2,1.58,IR,1686524708
389,banda aceh,5.5577,95.3222,300.05,80,100,5.55,ID,1686524708
390,sovetskaya gavan',48.9723,140.2878,288.13,76,95,2.01,RU,1686524709
391,thinadhoo,0.5333,72.9333,301.19,77,76,4.04,MV,1686524709
392,dudinka,69.4058,86.1778,282.94,57,100,8.12,RU,1686524709
393,qina,26.1642,32.7267,302.66,26,0,2.6,EG,1686524709
394,lamu,-2.2717,40.902,299.27,80,99,6.15,KE,1686524709
395,fort st. john,56.2499,-120.8529,297.09,35,75,4.12,CA,1686524710
396,palikir - national government center,6.9248,158.1611,302.62,79,100,5.14,FM,1686524710
397,broken hill,-31.95,141.4333,285.52,53,6,3.03,AU,1686524551
398,yilan,24.757,121.753,299.07,96,99,0.75,TW,1686524710
399,kavaratti,10.5669,72.642,302.51,76,79,10.4,IN,1686524710
400,howard springs,-12.497,131.047,296.1,52,5,2.82,AU,1686524685
401,bela,25.9333,81.9833,306.45,33,7,3.01,IN,1686524710
402,san marcos,33.1434,-117.1661,291.53,86,100,4.12,US,1686524710
403,lewistown,40.5992,-77.5714,301.82,30,0,0.0,US,1686524711
404,dunedin,-45.8742,170.5036,282.85,68,20,2.68,NZ,1686524711
405,saint-joseph,-21.3667,55.6167,294.36,79,21,3.52,RE,1686524689
406,itoman,26.1247,127.6694,300.36,89,75,2.06,JP,1686524711
407,san antonio de pale,-1.4014,5.6325,297.84,87,87,4.81,GQ,1686524711
408,xiva,41.3783,60.3639,295.14,17,4,5.47,UZ,1686524712
409,mawu,29.5923,107.3139,294.95,71,100,1.32,CN,1686524712
410,pavlodar,52.3,76.95,284.04,82,0,2.0,KZ,1686524712
411,yarmouth,41.7057,-70.2286,294.8,77,0,2.57,US,1686524712
412,punta gorda isles,26.9176,-82.0784,304.36,67,0,6.17,US,1686524712
413,verkhnevilyuysk,63.4453,120.3167,279.67,63,94,4.82,RU,1686524712
414,gunjur,13.2019,-16.7339,300.19,83,40,3.09,GM,1686524713
415,kiffa,16.6166,-11.4045,310.14,11,91,5.17,MR,1686524713
416,kailua-kona,19.6406,-155.9956,301.13,87,40,4.12,US,1686524713
417,pilsrundale,56.4167,24.0,281.63,61,5,2.59,LV,1686524713
418,bocas del toro,9.3333,-82.25,299.94,76,99,3.02,PA,1686524713
419,nurota,40.5614,65.6886,297.57,37,3,3.9,UZ,1686524713
420,hull,53.7446,-0.3353,289.3,38,59,1.54,GB,1686524714
421,esquel,-42.9,-71.3167,274.06,86,67,2.09,AR,1686524661
422,tolanaro,-25.0319,46.9987,290.19,94,0,0.0,MG,1686524714
423,yura,-16.2522,-71.6797,288.44,27,0,2.57,PE,1686524714
424,akureyri,65.6835,-18.0878,286.11,50,20,9.26,IS,1686524714
425,macau,22.2006,113.5461,302.51,84,40,4.12,MO,1686524714
426,swakopmund,-22.6833,14.5333,285.92,85,0,1.34,NA,1686524714
427,mariehamn,60.0973,19.9348,284.16,87,0,3.6,AX,1686524715
428,dumas,35.8656,-101.9732,299.23,44,0,5.66,US,1686524715
429,"laikit, laikit ii (dimembe)",1.4792,124.9735,299.62,78,20,2.06,ID,1686524715
430,tayshet,55.9342,98.0044,282.7,60,100,2.01,RU,1686524715
431,manta,-0.95,-80.7333,301.03,89,40,8.23,EC,1686524685
432,chakari,-18.0629,29.8925,288.32,48,48,1.95,ZW,1686524715
433,sao felix do xingu,-6.6447,-51.995,297.99,75,47,1.37,BR,1686524715
434,saudarkrokur,65.7461,-19.6394,282.34,60,3,8.56,IS,1686524716
435,beitbridge,-22.2167,30.0,289.81,70,0,2.56,ZW,1686524716
436,la gi,10.6667,107.7833,298.81,88,99,3.15,VN,1686524716
437,lalmohan,22.3384,90.7419,301.93,88,100,8.19,BD,1686524716
438,tanjung pandan,-2.75,107.65,298.91,90,98,2.98,ID,1686524716
439,copiapo,-27.3667,-70.3333,284.98,72,0,1.6,CL,1686524716
440,playa del ingles,27.7567,-15.5787,296.01,80,0,1.87,ES,1686524711
441,bakchar,57.0186,82.0711,284.71,67,7,3.63,RU,1686524717
442,cerro de pasco,-10.6833,-76.2667,277.58,86,82,2.45,PE,1686524717
443,valdivia,-39.8142,-73.2459,280.2,96,27,0.45,CL,1686524717
444,nogliki,51.8333,143.1667,280.4,97,100,1.6,RU,1686524717
445,saint-philippe,-21.3585,55.7679,294.92,80,44,4.75,RE,1686524718
446,weno,7.4515,151.8468,303.12,79,75,4.63,FM,1686524718
447,mahibadhoo,3.7833,72.9667,301.41,79,29,7.54,MV,1686524702
448,mandera,3.9366,41.867,299.48,59,47,7.08,KE,1686524718
449,bonthe,7.5264,-12.505,298.75,87,100,2.52,SL,1686524718
450,mugia,43.1041,-9.2179,289.91,89,9,2.84,ES,1686524718
451,bubaque,11.2833,-15.8333,300.92,81,90,6.54,GW,1686524719
452,usinsk,65.9939,57.5281,273.01,88,11,4.14,RU,1686524719
453,campos dos goytacazes,-21.75,-41.3,295.18,94,0,4.12,BR,1686524654
454,lauro de freitas,-12.8944,-38.3272,300.16,74,20,3.6,BR,1686524719
455,poso,-1.3959,120.7524,299.56,75,96,1.83,ID,1686524719
456,kyzyl-suu,42.3414,78.0056,288.22,66,100,1.99,KG,1686524720
457,haiku-pauwela,20.9219,-156.3051,303.16,48,20,11.32,US,1686524720
458,luderitz,-26.6481,15.1594,288.04,70,44,3.0,NA,1686524720
459,edd,13.9297,41.6925,304.91,64,17,2.11,ER,1686524720
460,constitucion,-35.3333,-72.4167,281.27,65,0,6.01,CL,1686524720
461,namibe,-15.1961,12.1522,291.63,72,32,3.56,AO,1686524588
462,uliastay,47.7417,96.8444,290.34,51,34,2.93,MN,1686524720
463,bandundu,-3.3167,17.3667,295.55,92,75,1.56,CD,1686524721
464,augusto correa,-1.0217,-46.635,296.93,96,26,1.83,BR,1686524498
465,al ghayzah,16.2079,52.176,301.34,86,95,0.94,YE,1686524721
466,kourou,5.1552,-52.6478,297.18,86,17,2.71,GF,1686524721
467,concepcion,-36.827,-73.0498,283.04,66,0,5.14,CL,1686524441
468,ouesso,1.6136,16.0517,296.69,85,55,1.4,CG,1686524721
469,nova xavantina,-14.6667,-52.35,300.38,46,42,1.37,BR,1686524721
470,fuglafjordur,62.244,-6.814,279.41,70,33,2.85,FO,1686524722
471,shingu,33.7333,135.9833,294.48,99,100,1.72,JP,1686524722
472,kenitra,34.261,-6.5802,290.57,85,32,1.31,MA,1686524722
473,luanda,-8.8368,13.2343,296.15,88,75,3.6,AO,1686524538
474,olpad,21.3333,72.75,303.05,68,56,7.58,IN,1686524722
475,mutuali,-14.8706,37.0044,288.93,62,3,1.67,MZ,1686524722
476,leticia,-4.2153,-69.9406,300.14,94,40,0.51,CO,1686524723
477,mashi,12.9784,7.9529,303.17,44,59,1.76,NG,1686524723
478,erdenet,49.0333,104.0833,290.72,49,100,1.41,MN,1686524723
479,baise city,23.8997,106.6133,300.22,71,90,0.22,CN,1686524723
480,titao,13.7667,-2.0667,303.57,46,80,3.66,BF,1686524723
481,consett,54.854,-1.8316,288.81,87,93,0.86,GB,1686524723
482,tucurui,-3.7661,-49.6725,297.07,92,53,0.44,BR,1686524538
483,witu,-2.3889,40.4382,299.24,86,97,4.5,KE,1686524724
484,sisimiut,66.9395,-53.6735,276.33,88,89,9.73,GL,1686524724
485,yanam,16.7333,82.2167,302.41,71,86,2.37,IN,1686524724
486,yanliang,34.6592,109.2292,294.7,61,100,1.15,CN,1686524724
487,xiazhen,34.8022,117.1117,295.62,62,43,4.18,CN,1686524724
488,isbergues,50.6233,2.459,293.33,93,82,0.47,FR,1686524725
489,ar rutbah,33.0381,40.2848,298.9,32,1,8.4,IQ,1686524725
490,la ronge,55.1001,-105.2842,303.29,30,75,4.63,CA,1686524725
491,inirida,3.8653,-67.9239,298.05,94,89,0.72,CO,1686524725
492,mirny,62.5353,113.9611,277.17,69,13,8.05,RU,1686524658
493,cosala,24.4125,-106.6908,309.61,26,0,4.73,MX,1686524726
494,kota kinabalu,5.9749,116.0724,299.14,83,20,2.24,MY,1686524726
495,acajutla,13.5928,-89.8275,302.44,74,36,2.34,SV,1686524726
496,kupang,-10.1667,123.5833,298.47,78,20,4.63,ID,1686524726
497,valparaiso,-33.0393,-71.6273,283.28,81,0,4.63,CL,1686524687
498,la passe,45.5549,-0.8967,294.28,81,18,4.14,FR,1686524726
499,novaya igirma,57.1334,103.9112,282.67,72,0,3.19,RU,1686524727
500,bowen,-20.0167,148.2333,294.37,80,21,3.44,AU,1686524727
501,stephenville,32.2207,-98.2023,309.78,36,40,2.06,US,1686524727
502,puerto lempira,15.2667,-83.7667,305.23,66,40,5.14,HN,1686524727
503,korla,41.7597,86.1469,301.91,16,42,3.04,CN,1686524727
504,bairnsdale,-37.8333,147.6167,279.85,96,58,1.88,AU,1686524728
505,rabigh,22.7986,39.0349,303.7,49,19,4.56,SA,1686524728
506,francisco sa,-16.4758,-43.4883,298.23,41,98,1.9,BR,1686524728
507,nagqu,31.5,92.0,274.67,86,61,2.59,CN,1686524728
508,acarau,-2.8856,-40.12,299.12,81,2,5.05,BR,1686524728
509,sao gabriel da cachoeira,-0.1303,-67.0892,297.09,96,93,0.54,BR,1686524728
510,nema,57.5067,50.5011,277.15,72,1,2.23,RU,1686524729
511,badger,64.8,-147.5333,292.32,42,75,4.12,US,1686524729
512,whangarei,-35.7317,174.3239,288.46,76,12,2.82,NZ,1686524729
513,pagar alam,-4.0167,103.2667,293.23,97,63,0.87,ID,1686524729
514,gornyye klyuchi,45.25,133.5,288.39,91,100,1.52,RU,1686524729
515,santander jimenez,24.2167,-98.4667,308.97,48,0,7.37,MX,1686524729
516,malpica,43.3228,-8.8105,290.56,75,10,2.14,ES,1686524729
517,idri,27.5,13.2667,306.65,15,0,7.62,LY,1686524730
518,rayon,19.1444,-99.5836,297.47,47,97,2.27,MX,1686524730
519,bandon,51.7469,-8.7425,288.92,93,11,1.76,IE,1686524730
520,barah,13.7,30.3667,300.27,61,42,4.44,SD,1686524731
521,pariaman,-0.619,100.12,298.18,81,19,2.02,ID,1686524442
522,yuscaran,13.9333,-86.85,300.73,73,96,1.4,HN,1686524731
523,tshabong,-26.05,22.45,289.34,23,68,4.9,BW,1686524538
524,goz beida,13.95,20.55,300.5,57,65,3.9,TD,1686524731
525,mandan,46.8267,-100.8896,298.6,38,0,1.54,US,1686524631
526,biloela,-24.4167,150.5,291.6,65,1,0.83,AU,1686524731
527,bozkurt,41.9577,34.0109,290.16,86,100,1.69,TR,1686524731
528,malango,-2.9627,119.9001,293.02,96,76,0.6,ID,1686524731
529,berezovo,63.9381,65.0419,276.22,74,91,7.4,RU,1686524732
530,shenjiamen,29.9576,122.298,294.58,95,96,2.05,CN,1686524732
531,staryy oskol,51.2967,37.8417,283.17,94,100,6.93,RU,1686524732
532,dakhla,23.6848,-15.958,295.01,81,0,7.52,EH,1686524732
533,kavieng,-2.5744,150.7967,301.9,78,30,6.22,PG,1686524732
534,leesville,31.1435,-93.261,305.28,58,20,3.09,US,1686524733
535,mata-utu,-13.2816,-176.1745,300.71,81,60,6.87,WF,1686524733
536,minas de marcona,-15.2119,-75.1103,285.79,83,26,6.9,PE,1686524733
537,baley,51.6,116.6333,292.9,46,9,1.28,RU,1686524733
538,lebanon,36.2081,-86.2911,300.18,74,75,10.29,US,1686524733
539,bayanaul,50.7889,75.6956,287.93,48,0,1.98,KZ,1686524733
540,hami,42.8,93.45,302.92,16,0,3.51,CN,1686524645
541,barranca,-10.75,-77.7667,293.73,77,23,4.76,PE,1686524734
542,mossel bay,-34.1831,22.146,287.11,74,100,5.23,ZA,1686524735
543,namsos,64.4662,11.4957,286.18,93,75,0.0,NO,1686524735
544,williston,48.147,-103.618,299.84,32,5,1.79,US,1686524735
545,el granada,37.5027,-122.4694,299.3,75,75,6.69,US,1686524735
546,nova vicosa,-17.8919,-39.3719,296.7,84,47,4.17,BR,1686524499
547,ulsteinvik,62.3432,5.8487,289.21,57,100,0.89,NO,1686524735
548,suntar,62.1444,117.6319,282.39,49,89,4.86,RU,1686524735
549,pelabuhanratu,-6.9875,106.5514,297.86,90,31,1.99,ID,1686524736
550,el vigia,8.6219,-71.6506,301.26,76,87,1.33,VE,1686524736
551,san julian,21.0167,-102.1667,307.06,6,4,4.09,MX,1686524736
552,miri,4.4148,114.0089,299.23,89,20,1.54,MY,1686524736
553,alesund,62.4723,6.1549,289.21,73,20,1.03,NO,1686524441
554,guerrero negro,27.9769,-114.0611,293.69,54,0,8.02,MX,1686524736
555,leninskoye,41.7589,69.3864,297.16,38,100,1.71,KZ,1686524736
556,yerofey pavlovich,53.9667,121.9667,294.71,48,97,1.0,RU,1686524736
557,bodo,67.28,14.405,282.56,98,100,2.06,NO,1686524737
558,orapa,-21.2833,25.3667,290.75,28,16,4.46,BW,1686524737
559,punta del este,-34.9667,-54.95,284.19,71,40,8.05,UY,1686524611
560,antofagasta,-23.65,-70.4,289.75,86,97,3.23,CL,1686524549
561,elliot lake,46.3834,-82.6331,284.71,68,100,3.77,CA,1686524737
562,al muwayh,22.4333,41.7583,302.68,28,27,4.97,SA,1686524737
563,timimoun,29.2639,0.231,307.36,10,0,2.06,DZ,1686524737
564,ola,59.5833,151.2833,287.12,90,99,2.77,RU,1686524686
